,Passenger ID,Ticket Class 1,Ticket Class 2,Gender,Age,No of siblings/spouses aboard,No of parents/children aboard,Survived or not?
0,1,0,0,1,22,1,0,0
1,2,1,0,0,38,1,0,1
2,3,0,0,0,26,0,0,1
3,4,1,0,0,35,1,0,1
4,5,0,0,1,35,0,0,0
5,6,0,0,1,30,0,0,0
6,7,1,0,1,54,0,0,0
7,8,0,0,1,2,3,1,0
8,9,0,0,0,27,0,2,1
9,10,0,1,0,14,1,0,1
10,11,0,0,0,4,1,1,1
11,12,1,0,0,58,0,0,1
12,13,0,0,1,20,0,0,0
13,14,0,0,1,39,1,5,0
14,15,0,0,0,14,0,0,0
15,16,0,1,0,55,0,0,1
16,17,0,0,1,2,4,1,0
17,18,0,1,1,30,0,0,1
18,19,0,0,0,31,1,0,0
19,20,0,0,0,30,0,0,1
20,21,0,1,1,35,0,0,0
21,22,0,1,1,34,0,0,1
22,23,0,0,0,15,0,0,1
23,24,1,0,1,28,0,0,1
24,25,0,0,0,8,3,1,0
25,26,0,0,0,38,1,5,1
26,27,0,0,1,30,0,0,0
27,28,1,0,1,19,3,2,0
28,29,0,0,0,30,0,0,1
29,30,0,0,1,30,0,0,0
30,31,1,0,1,40,0,0,0
31,32,1,0,0,30,1,0,1
32,33,0,0,0,30,0,0,1
33,34,0,1,1,66,0,0,0
34,35,1,0,1,28,1,0,0
35,36,1,0,1,42,1,0,0
36,37,0,0,1,30,0,0,1
37,38,0,0,1,21,0,0,0
38,39,0,0,0,18,2,0,0
39,40,0,0,0,14,1,0,1
40,41,0,0,0,40,1,0,0
41,42,0,1,0,27,1,0,0
42,43,0,0,1,30,0,0,0
43,44,0,1,0,3,1,2,1
44,45,0,0,0,19,0,0,1
45,46,0,0,1,30,0,0,0
46,47,0,0,1,30,1,0,0
47,48,0,0,0,30,0,0,1
48,49,0,0,1,30,2,0,0
49,50,0,0,0,18,1,0,0
50,51,0,0,1,7,4,1,0
51,52,0,0,1,21,0,0,0
52,53,1,0,0,49,1,0,1
53,54,0,1,0,29,1,0,1
54,55,1,0,1,65,0,1,0
55,56,1,0,1,30,0,0,1
56,57,0,1,0,21,0,0,1
57,58,0,0,1,28,0,0,0
58,59,0,1,0,5,1,2,1
59,60,0,0,1,11,5,2,0
60,61,0,0,1,22,0,0,0
61,62,1,0,0,38,0,0,1
62,63,1,0,1,45,1,0,0
63,64,0,0,1,4,3,2,0
64,65,1,0,1,30,0,0,0
65,66,0,0,1,30,1,1,1
66,67,0,1,0,29,0,0,1
67,68,0,0,1,19,0,0,0
68,69,0,0,0,17,4,2,1
69,70,0,0,1,26,2,0,0
70,71,0,1,1,32,0,0,0
71,72,0,0,0,16,5,2,0
72,73,0,1,1,21,0,0,0
73,74,0,0,1,26,1,0,0
74,75,0,0,1,32,0,0,1
75,76,0,0,1,25,0,0,0
76,77,0,0,1,30,0,0,0
77,78,0,0,1,30,0,0,0
78,79,0,1,1,0,0,2,1
79,80,0,0,0,30,0,0,1
80,81,0,0,1,22,0,0,0
81,82,0,0,1,29,0,0,1
82,83,0,0,0,30,0,0,1
83,84,1,0,1,28,0,0,0
84,85,0,1,0,17,0,0,1
85,86,0,0,0,33,3,0,1
86,87,0,0,1,16,1,3,0
87,88,0,0,1,30,0,0,0
88,89,1,0,0,23,3,2,1
89,90,0,0,1,24,0,0,0
90,91,0,0,1,29,0,0,0
91,92,0,0,1,20,0,0,0
92,93,1,0,1,46,1,0,0
93,94,0,0,1,26,1,2,0
94,95,0,0,1,59,0,0,0
95,96,0,0,1,30,0,0,0
96,97,1,0,1,71,0,0,0
97,98,1,0,1,23,0,1,1
98,99,0,1,0,34,0,1,1
99,100,0,1,1,34,1,0,0
100,101,0,0,0,28,0,0,0
101,102,0,0,1,30,0,0,0
102,103,1,0,1,21,0,1,0
103,104,0,0,1,33,0,0,0
104,105,0,0,1,37,2,0,0
105,106,0,0,1,28,0,0,0
106,107,0,0,0,21,0,0,1
107,108,0,0,1,30,0,0,1
108,109,0,0,1,38,0,0,0
109,110,0,0,0,30,1,0,1
110,111,1,0,1,47,0,0,0
111,112,0,0,0,14,1,0,0
112,113,0,0,1,22,0,0,0
113,114,0,0,0,20,1,0,0
114,115,0,0,0,17,0,0,0
115,116,0,0,1,21,0,0,0
116,117,0,0,1,70,0,0,0
117,118,0,1,1,29,1,0,0
118,119,1,0,1,24,0,1,0
119,120,0,0,0,2,4,2,0
120,121,0,1,1,21,2,0,0
121,122,0,0,1,30,0,0,0
122,123,0,1,1,32,1,0,0
123,124,0,1,0,32,0,0,1
124,125,1,0,1,54,0,1,0
125,126,0,0,1,12,1,0,1
126,127,0,0,1,30,0,0,0
127,128,0,0,1,24,0,0,1
128,129,0,0,0,30,1,1,1
129,130,0,0,1,45,0,0,0
130,131,0,0,1,33,0,0,0
131,132,0,0,1,20,0,0,0
132,133,0,0,0,47,1,0,0
133,134,0,1,0,29,1,0,1
134,135,0,1,1,25,0,0,0
135,136,0,1,1,23,0,0,0
136,137,1,0,0,19,0,2,1
137,138,1,0,1,37,1,0,0
138,139,0,0,1,16,0,0,0
139,140,1,0,1,24,0,0,0
140,141,0,0,0,30,0,2,0
141,142,0,0,0,22,0,0,1
142,143,0,0,0,24,1,0,1
143,144,0,0,1,19,0,0,0
144,145,0,1,1,18,0,0,0
145,146,0,1,1,19,1,1,0
146,147,0,0,1,27,0,0,1
147,148,0,0,0,9,2,2,0
148,149,0,1,1,36,0,2,0
149,150,0,1,1,42,0,0,0
150,151,0,1,1,51,0,0,0
151,152,1,0,0,22,1,0,1
152,153,0,0,1,55,0,0,0
153,154,0,0,1,40,0,2,0
154,155,0,0,1,30,0,0,0
155,156,1,0,1,51,0,1,0
156,157,0,0,0,16,0,0,1
157,158,0,0,1,30,0,0,0
158,159,0,0,1,30,0,0,0
159,160,0,0,1,30,8,2,0
160,161,0,0,1,44,0,1,0
161,162,0,1,0,40,0,0,1
162,163,0,0,1,26,0,0,0
163,164,0,0,1,17,0,0,0
164,165,0,0,1,1,4,1,0
165,166,0,0,1,9,0,2,1
166,167,1,0,0,30,0,1,1
167,168,0,0,0,45,1,4,0
168,169,1,0,1,30,0,0,0
169,170,0,0,1,28,0,0,0
170,171,1,0,1,61,0,0,0
171,172,0,0,1,4,4,1,0
172,173,0,0,0,1,1,1,1
173,174,0,0,1,21,0,0,0
174,175,1,0,1,56,0,0,0
175,176,0,0,1,18,1,1,0
176,177,0,0,1,30,3,1,0
177,178,1,0,0,50,0,0,0
178,179,0,1,1,30,0,0,0
179,180,0,0,1,36,0,0,0
180,181,0,0,0,30,8,2,0
181,182,0,1,1,30,0,0,0
182,183,0,0,1,9,4,2,0
183,184,0,1,1,1,2,1,1
184,185,0,0,0,4,0,2,1
185,186,1,0,1,30,0,0,0
186,187,0,0,0,30,1,0,1
187,188,1,0,1,45,0,0,1
188,189,0,0,1,40,1,1,0
189,190,0,0,1,36,0,0,0
190,191,0,1,0,32,0,0,1
191,192,0,1,1,19,0,0,0
192,193,0,0,0,19,1,0,1
193,194,0,1,1,3,1,1,1
194,195,1,0,0,44,0,0,1
195,196,1,0,0,58,0,0,1
196,197,0,0,1,30,0,0,0
197,198,0,0,1,42,0,1,0
198,199,0,0,0,30,0,0,1
199,200,0,1,0,24,0,0,0
200,201,0,0,1,28,0,0,0
201,202,0,0,1,30,8,2,0
202,203,0,0,1,34,0,0,0
203,204,0,0,1,45,0,0,0
204,205,0,0,1,18,0,0,1
205,206,0,0,0,2,0,1,0
206,207,0,0,1,32,1,0,0
207,208,0,0,1,26,0,0,1
208,209,0,0,0,16,0,0,1
209,210,1,0,1,40,0,0,1
210,211,0,0,1,24,0,0,0
211,212,0,1,0,35,0,0,1
212,213,0,0,1,22,0,0,0
213,214,0,1,1,30,0,0,0
214,215,0,0,1,30,1,0,0
215,216,1,0,0,31,1,0,1
216,217,0,0,0,27,0,0,1
217,218,0,1,1,42,1,0,0
218,219,1,0,0,32,0,0,1
219,220,0,1,1,30,0,0,0
220,221,0,0,1,16,0,0,1
221,222,0,1,1,27,0,0,0
222,223,0,0,1,51,0,0,0
223,224,0,0,1,30,0,0,0
224,225,1,0,1,38,1,0,1
225,226,0,0,1,22,0,0,0
226,227,0,1,1,19,0,0,1
227,228,0,0,1,20,0,0,0
228,229,0,1,1,18,0,0,0
229,230,0,0,0,30,3,1,0
230,231,1,0,0,35,1,0,1
231,232,0,0,1,29,0,0,0
232,233,0,1,1,59,0,0,0
233,234,0,0,0,5,4,2,1
234,235,0,1,1,24,0,0,0
235,236,0,0,0,30,0,0,0
236,237,0,1,1,44,1,0,0
237,238,0,1,0,8,0,2,1
238,239,0,1,1,19,0,0,0
239,240,0,1,1,33,0,0,0
240,241,0,0,0,30,1,0,0
241,242,0,0,0,30,1,0,1
242,243,0,1,1,29,0,0,0
243,244,0,0,1,22,0,0,0
244,245,0,0,1,30,0,0,0
245,246,1,0,1,44,2,0,0
246,247,0,0,0,25,0,0,0
247,248,0,1,0,24,0,2,1
248,249,1,0,1,37,1,1,1
249,250,0,1,1,54,1,0,0
250,251,0,0,1,30,0,0,0
251,252,0,0,0,29,1,1,0
252,253,1,0,1,62,0,0,0
253,254,0,0,1,30,1,0,0
254,255,0,0,0,41,0,2,0
255,256,0,0,0,29,0,2,1
256,257,1,0,0,30,0,0,1
257,258,1,0,0,30,0,0,1
258,259,1,0,0,35,0,0,1
259,260,0,1,0,50,0,1,1
260,261,0,0,1,30,0,0,0
261,262,0,0,1,3,4,2,1
262,263,1,0,1,52,1,1,0
263,264,1,0,1,40,0,0,0
264,265,0,0,0,30,0,0,0
265,266,0,1,1,36,0,0,0
266,267,0,0,1,16,4,1,0
267,268,0,0,1,25,1,0,1
268,269,1,0,0,58,0,1,1
269,270,1,0,0,35,0,0,1
270,271,1,0,1,30,0,0,0
271,272,0,0,1,25,0,0,1
272,273,0,1,0,41,0,1,1
273,274,1,0,1,37,0,1,0
274,275,0,0,0,30,0,0,1
275,276,1,0,0,63,1,0,1
276,277,0,0,0,45,0,0,0
277,278,0,1,1,30,0,0,0
278,279,0,0,1,7,4,1,0
279,280,0,0,0,35,1,1,1
280,281,0,0,1,65,0,0,0
281,282,0,0,1,28,0,0,0
282,283,0,0,1,16,0,0,0
283,284,0,0,1,19,0,0,1
284,285,1,0,1,30,0,0,0
285,286,0,0,1,33,0,0,0
286,287,0,0,1,30,0,0,1
287,288,0,0,1,22,0,0,0
288,289,0,1,1,42,0,0,1
289,290,0,0,0,22,0,0,1
290,291,1,0,0,26,0,0,1
291,292,1,0,0,19,1,0,1
292,293,0,1,1,36,0,0,0
293,294,0,0,0,24,0,0,0
294,295,0,0,1,24,0,0,0
295,296,1,0,1,30,0,0,0
296,297,0,0,1,23,0,0,0
297,298,1,0,0,2,1,2,0
298,299,1,0,1,30,0,0,1
299,300,1,0,0,50,0,1,1
300,301,0,0,0,30,0,0,1
301,302,0,0,1,30,2,0,1
302,303,0,0,1,19,0,0,0
303,304,0,1,0,30,0,0,1
304,305,0,0,1,30,0,0,0
305,306,1,0,1,0,1,2,1
306,307,1,0,0,30,0,0,1
307,308,1,0,0,17,1,0,1
308,309,0,1,1,30,1,0,0
309,310,1,0,0,30,0,0,1
310,311,1,0,0,24,0,0,1
311,312,1,0,0,18,2,2,1
312,313,0,1,0,26,1,1,0
313,314,0,0,1,28,0,0,0
314,315,0,1,1,43,1,1,0
315,316,0,0,0,26,0,0,1
316,317,0,1,0,24,1,0,1
317,318,0,1,1,54,0,0,0
318,319,1,0,0,31,0,2,1
319,320,1,0,0,40,1,1,1
320,321,0,0,1,22,0,0,0
321,322,0,0,1,27,0,0,0
322,323,0,1,0,30,0,0,1
323,324,0,1,0,22,1,1,1
324,325,0,0,1,30,8,2,0
325,326,1,0,0,36,0,0,1
326,327,0,0,1,61,0,0,0
327,328,0,1,0,36,0,0,1
328,329,0,0,0,31,1,1,1
329,330,1,0,0,16,0,1,1
330,331,0,0,0,30,2,0,1
331,332,1,0,1,45,0,0,0
332,333,1,0,1,38,0,1,0
333,334,0,0,1,16,2,0,0
334,335,1,0,0,30,1,0,1
335,336,0,0,1,30,0,0,0
336,337,1,0,1,29,1,0,0
337,338,1,0,0,41,0,0,1
338,339,0,0,1,45,0,0,1
339,340,1,0,1,45,0,0,0
340,341,0,1,1,2,1,1,1
341,342,1,0,0,24,3,2,1
342,343,0,1,1,28,0,0,0
343,344,0,1,1,25,0,0,0
344,345,0,1,1,36,0,0,0
345,346,0,1,0,24,0,0,1
346,347,0,1,0,40,0,0,1
347,348,0,0,0,30,1,0,1
348,349,0,0,1,3,1,1,1
349,350,0,0,1,42,0,0,0
350,351,0,0,1,23,0,0,0
351,352,1,0,1,30,0,0,0
352,353,0,0,1,15,1,1,0
353,354,0,0,1,25,1,0,0
354,355,0,0,1,30,0,0,0
355,356,0,0,1,28,0,0,0
356,357,1,0,0,22,0,1,1
357,358,0,1,0,38,0,0,0
358,359,0,0,0,30,0,0,1
359,360,0,0,0,30,0,0,1
360,361,0,0,1,40,1,4,0
361,362,0,1,1,29,1,0,0
362,363,0,0,0,45,0,1,0
363,364,0,0,1,35,0,0,0
364,365,0,0,1,30,1,0,0
365,366,0,0,1,30,0,0,0
366,367,1,0,0,60,1,0,1
367,368,0,0,0,30,0,0,1
368,369,0,0,0,30,0,0,1
369,370,1,0,0,24,0,0,1
370,371,1,0,1,25,1,0,1
371,372,0,0,1,18,1,0,0
372,373,0,0,1,19,0,0,0
373,374,1,0,1,22,0,0,0
374,375,0,0,0,3,3,1,0
375,376,1,0,0,30,1,0,1
376,377,0,0,0,22,0,0,1
377,378,1,0,1,27,0,2,0
378,379,0,0,1,20,0,0,0
379,380,0,0,1,19,0,0,0
380,381,1,0,0,42,0,0,1
381,382,0,0,0,1,0,2,1
382,383,0,0,1,32,0,0,0
383,384,1,0,0,35,1,0,1
384,385,0,0,1,30,0,0,0
385,386,0,1,1,18,0,0,0
386,387,0,0,1,1,5,2,0
387,388,0,1,0,36,0,0,1
388,389,0,0,1,30,0,0,0
389,390,0,1,0,17,0,0,1
390,391,1,0,1,36,1,2,1
391,392,0,0,1,21,0,0,1
392,393,0,0,1,28,2,0,0
393,394,1,0,0,23,1,0,1
394,395,0,0,0,24,0,2,1
395,396,0,0,1,22,0,0,0
396,397,0,0,0,31,0,0,0
397,398,0,1,1,46,0,0,0
398,399,0,1,1,23,0,0,0
399,400,0,1,0,28,0,0,1
400,401,0,0,1,39,0,0,1
401,402,0,0,1,26,0,0,0
402,403,0,0,0,21,1,0,0
403,404,0,0,1,28,1,0,0
404,405,0,0,0,20,0,0,0
405,406,0,1,1,34,1,0,0
406,407,0,0,1,51,0,0,0
407,408,0,1,1,3,1,1,1
408,409,0,0,1,21,0,0,0
409,410,0,0,0,30,3,1,0
410,411,0,0,1,30,0,0,0
411,412,0,0,1,30,0,0,0
412,413,1,0,0,33,1,0,1
413,414,0,1,1,30,0,0,0
414,415,0,0,1,44,0,0,1
415,416,0,0,0,30,0,0,0
416,417,0,1,0,34,1,1,1
417,418,0,1,0,18,0,2,1
418,419,0,1,1,30,0,0,0
419,420,0,0,0,10,0,2,0
420,421,0,0,1,30,0,0,0
421,422,0,0,1,21,0,0,0
422,423,0,0,1,29,0,0,0
423,424,0,0,0,28,1,1,0
424,425,0,0,1,18,1,1,0
425,426,0,0,1,30,0,0,0
426,427,0,1,0,28,1,0,1
427,428,0,1,0,19,0,0,1
428,429,0,0,1,30,0,0,0
429,430,0,0,1,32,0,0,1
430,431,1,0,1,28,0,0,1
431,432,0,0,0,30,1,0,1
432,433,0,1,0,42,1,0,1
433,434,0,0,1,17,0,0,0
434,435,1,0,1,50,1,0,0
435,436,1,0,0,14,1,2,1
436,437,0,0,0,21,2,2,0
437,438,0,1,0,24,2,3,1
438,439,1,0,1,64,1,4,0
439,440,0,1,1,31,0,0,0
440,441,0,1,0,45,1,1,1
441,442,0,0,1,20,0,0,0
442,443,0,0,1,25,1,0,0
443,444,0,1,0,28,0,0,1
444,445,0,0,1,30,0,0,1
445,446,1,0,1,4,0,2,1
446,447,0,1,0,13,0,1,1
447,448,1,0,1,34,0,0,1
448,449,0,0,0,5,2,1,1
449,450,1,0,1,52,0,0,1
450,451,0,1,1,36,1,2,0
451,452,0,0,1,30,1,0,0
452,453,1,0,1,30,0,0,0
453,454,1,0,1,49,1,0,1
454,455,0,0,1,30,0,0,0
455,456,0,0,1,29,0,0,1
456,457,1,0,1,65,0,0,0
457,458,1,0,0,30,1,0,1
458,459,0,1,0,50,0,0,1
459,460,0,0,1,30,0,0,0
460,461,1,0,1,48,0,0,1
461,462,0,0,1,34,0,0,0
462,463,1,0,1,47,0,0,0
463,464,0,1,1,48,0,0,0
464,465,0,0,1,30,0,0,0
465,466,0,0,1,38,0,0,0
466,467,0,1,1,30,0,0,0
467,468,1,0,1,56,0,0,0
468,469,0,0,1,30,0,0,0
469,470,0,0,0,0,2,1,1
470,471,0,0,1,30,0,0,0
471,472,0,0,1,38,0,0,0
472,473,0,1,0,33,1,2,1
473,474,0,1,0,23,0,0,1
474,475,0,0,0,22,0,0,0
475,476,1,0,1,30,0,0,0
476,477,0,1,1,34,1,0,0
477,478,0,0,1,29,1,0,0
478,479,0,0,1,22,0,0,0
479,480,0,0,0,2,0,1,1
480,481,0,0,1,9,5,2,0
481,482,0,1,1,30,0,0,0
482,483,0,0,1,50,0,0,0
483,484,0,0,0,63,0,0,1
484,485,1,0,1,25,1,0,1
485,486,0,0,0,30,3,1,0
486,487,1,0,0,35,1,0,1
487,488,1,0,1,58,0,0,0
488,489,0,0,1,30,0,0,0
489,490,0,0,1,9,1,1,1
490,491,0,0,1,30,1,0,0
491,492,0,0,1,21,0,0,0
492,493,1,0,1,55,0,0,0
493,494,1,0,1,71,0,0,0
494,495,0,0,1,21,0,0,0
495,496,0,0,1,30,0,0,0
496,497,1,0,0,54,1,0,1
497,498,0,0,1,30,0,0,0
498,499,1,0,0,25,1,2,0
499,500,0,0,1,24,0,0,0
500,501,0,0,1,17,0,0,0
501,502,0,0,0,21,0,0,0
502,503,0,0,0,30,0,0,0
503,504,0,0,0,37,0,0,0
504,505,1,0,0,16,0,0,1
505,506,1,0,1,18,1,0,0
506,507,0,1,0,33,0,2,1
507,508,1,0,1,30,0,0,1
508,509,0,0,1,28,0,0,0
509,510,0,0,1,26,0,0,1
510,511,0,0,1,29,0,0,1
511,512,0,0,1,30,0,0,0
512,513,1,0,1,36,0,0,1
513,514,1,0,0,54,1,0,1
514,515,0,0,1,24,0,0,0
515,516,1,0,1,47,0,0,0
516,517,0,1,0,34,0,0,1
517,518,0,0,1,30,0,0,0
518,519,0,1,0,36,1,0,1
519,520,0,0,1,32,0,0,0
520,521,1,0,0,30,0,0,1
521,522,0,0,1,22,0,0,0
522,523,0,0,1,30,0,0,0
523,524,1,0,0,44,0,1,1
524,525,0,0,1,30,0,0,0
525,526,0,0,1,40,0,0,0
526,527,0,1,0,50,0,0,1
527,528,1,0,1,30,0,0,0
528,529,0,0,1,39,0,0,0
529,530,0,1,1,23,2,1,0
530,531,0,1,0,2,1,1,1
531,532,0,0,1,30,0,0,0
532,533,0,0,1,17,1,1,0
533,534,0,0,0,30,0,2,1
534,535,0,0,0,30,0,0,0
535,536,0,1,0,7,0,2,1
536,537,1,0,1,45,0,0,0
537,538,1,0,0,30,0,0,1
538,539,0,0,1,30,0,0,0
539,540,1,0,0,22,0,2,1
540,541,1,0,0,36,0,2,1
541,542,0,0,0,9,4,2,0
542,543,0,0,0,11,4,2,0
543,544,0,1,1,32,1,0,1
544,545,1,0,1,50,1,0,0
545,546,1,0,1,64,0,0,0
546,547,0,1,0,19,1,0,1
547,548,0,1,1,30,0,0,1
548,549,0,0,1,33,1,1,0
549,550,0,1,1,8,1,1,1
550,551,1,0,1,17,0,2,1
551,552,0,1,1,27,0,0,0
552,553,0,0,1,30,0,0,0
553,554,0,0,1,22,0,0,1
554,555,0,0,0,22,0,0,1
555,556,1,0,1,62,0,0,0
556,557,1,0,0,48,1,0,1
557,558,1,0,1,30,0,0,0
558,559,1,0,0,39,1,1,1
559,560,0,0,0,36,1,0,1
560,561,0,0,1,30,0,0,0
561,562,0,0,1,40,0,0,0
562,563,0,1,1,28,0,0,0
563,564,0,0,1,30,0,0,0
564,565,0,0,0,30,0,0,0
565,566,0,0,1,24,2,0,0
566,567,0,0,1,19,0,0,0
567,568,0,0,0,29,0,4,0
568,569,0,0,1,30,0,0,0
569,570,0,0,1,32,0,0,1
570,571,0,1,1,62,0,0,1
571,572,1,0,0,53,2,0,1
572,573,1,0,1,36,0,0,1
573,574,0,0,0,30,0,0,1
574,575,0,0,1,16,0,0,0
575,576,0,0,1,19,0,0,0
576,577,0,1,0,34,0,0,1
577,578,1,0,0,39,1,0,1
578,579,0,0,0,30,1,0,0
579,580,0,0,1,32,0,0,1
580,581,0,1,0,25,1,1,1
581,582,1,0,0,39,1,1,1
582,583,0,1,1,54,0,0,0
583,584,1,0,1,36,0,0,0
584,585,0,0,1,30,0,0,0
585,586,1,0,0,18,0,2,1
586,587,0,1,1,47,0,0,0
587,588,1,0,1,60,1,1,1
588,589,0,0,1,22,0,0,0
589,590,0,0,1,30,0,0,0
590,591,0,0,1,35,0,0,0
591,592,1,0,0,52,1,0,1
592,593,0,0,1,47,0,0,0
593,594,0,0,0,30,0,2,0
594,595,0,1,1,37,1,0,0
595,596,0,0,1,36,1,1,0
596,597,0,1,0,30,0,0,1
597,598,0,0,1,49,0,0,0
598,599,0,0,1,30,0,0,0
599,600,1,0,1,49,1,0,1
600,601,0,1,0,24,2,1,1
601,602,0,0,1,30,0,0,0
602,603,1,0,1,30,0,0,0
603,604,0,0,1,44,0,0,0
604,605,1,0,1,35,0,0,1
605,606,0,0,1,36,1,0,0
606,607,0,0,1,30,0,0,0
607,608,1,0,1,27,0,0,1
608,609,0,1,0,22,1,2,1
609,610,1,0,0,40,0,0,1
610,611,0,0,0,39,1,5,0
611,612,0,0,1,30,0,0,0
612,613,0,0,0,30,1,0,1
613,614,0,0,1,30,0,0,0
614,615,0,0,1,35,0,0,0
615,616,0,1,0,24,1,2,1
616,617,0,0,1,34,1,1,0
617,618,0,0,0,26,1,0,0
618,619,0,1,0,4,2,1,1
619,620,0,1,1,26,0,0,0
620,621,0,0,1,27,1,0,0
621,622,1,0,1,42,1,0,1
622,623,0,0,1,20,1,1,1
623,624,0,0,1,21,0,0,0
624,625,0,0,1,21,0,0,0
625,626,1,0,1,61,0,0,0
626,627,0,1,1,57,0,0,0
627,628,1,0,0,21,0,0,1
628,629,0,0,1,26,0,0,0
629,630,0,0,1,30,0,0,0
630,631,1,0,1,80,0,0,1
631,632,0,0,1,51,0,0,0
632,633,1,0,1,32,0,0,1
633,634,1,0,1,30,0,0,0
634,635,0,0,0,9,3,2,0
635,636,0,1,0,28,0,0,1
636,637,0,0,1,32,0,0,0
637,638,0,1,1,31,1,1,0
638,639,0,0,0,41,0,5,0
639,640,0,0,1,30,1,0,0
640,641,0,0,1,20,0,0,0
641,642,1,0,0,24,0,0,1
642,643,0,0,0,2,3,2,0
643,644,0,0,1,30,0,0,1
644,645,0,0,0,0,2,1,1
645,646,1,0,1,48,1,0,1
646,647,0,0,1,19,0,0,0
647,648,1,0,1,56,0,0,1
648,649,0,0,1,30,0,0,0
649,650,0,0,0,23,0,0,1
650,651,0,0,1,30,0,0,0
651,652,0,1,0,18,0,1,1
652,653,0,0,1,21,0,0,0
653,654,0,0,0,30,0,0,1
654,655,0,0,0,18,0,0,0
655,656,0,1,1,24,2,0,0
656,657,0,0,1,30,0,0,0
657,658,0,0,0,32,1,1,0
658,659,0,1,1,23,0,0,0
659,660,1,0,1,58,0,2,0
660,661,1,0,1,50,2,0,1
661,662,0,0,1,40,0,0,0
662,663,1,0,1,47,0,0,0
663,664,0,0,1,36,0,0,0
664,665,0,0,1,20,1,0,1
665,666,0,1,1,32,2,0,0
666,667,0,1,1,25,0,0,0
667,668,0,0,1,30,0,0,0
668,669,0,0,1,43,0,0,0
669,670,1,0,0,30,1,0,1
670,671,0,1,0,40,1,1,1
671,672,1,0,1,31,1,0,0
672,673,0,1,1,70,0,0,0
673,674,0,1,1,31,0,0,1
674,675,0,1,1,30,0,0,0
675,676,0,0,1,18,0,0,0
676,677,0,0,1,24,0,0,0
677,678,0,0,0,18,0,0,1
678,679,0,0,0,43,1,6,0
679,680,1,0,1,36,0,1,1
680,681,0,0,0,30,0,0,0
681,682,1,0,1,27,0,0,1
682,683,0,0,1,20,0,0,0
683,684,0,0,1,14,5,2,0
684,685,0,1,1,60,1,1,0
685,686,0,1,1,25,1,2,0
686,687,0,0,1,14,4,1,0
687,688,0,0,1,19,0,0,0
688,689,0,0,1,18,0,0,0
689,690,1,0,0,15,0,1,1
690,691,1,0,1,31,1,0,1
691,692,0,0,0,4,0,1,1
692,693,0,0,1,30,0,0,1
693,694,0,0,1,25,0,0,0
694,695,1,0,1,60,0,0,0
695,696,0,1,1,52,0,0,0
696,697,0,0,1,44,0,0,0
697,698,0,0,0,30,0,0,1
698,699,1,0,1,49,1,1,0
699,700,0,0,1,42,0,0,0
700,701,1,0,0,18,1,0,1
701,702,1,0,1,35,0,0,1
702,703,0,0,0,18,0,1,0
703,704,0,0,1,25,0,0,0
704,705,0,0,1,26,1,0,0
705,706,0,1,1,39,0,0,0
706,707,0,1,0,45,0,0,1
707,708,1,0,1,42,0,0,1
708,709,1,0,0,22,0,0,1
709,710,0,0,1,30,1,1,1
710,711,1,0,0,24,0,0,1
711,712,1,0,1,30,0,0,0
712,713,1,0,1,48,1,0,1
713,714,0,0,1,29,0,0,0
714,715,0,1,1,52,0,0,0
715,716,0,0,1,19,0,0,0
716,717,1,0,0,38,0,0,1
717,718,0,1,0,27,0,0,1
718,719,0,0,1,30,0,0,0
719,720,0,0,1,33,0,0,0
720,721,0,1,0,6,0,1,1
721,722,0,0,1,17,1,0,0
722,723,0,1,1,34,0,0,0
723,724,0,1,1,50,0,0,0
724,725,1,0,1,27,1,0,1
725,726,0,0,1,20,0,0,0
726,727,0,1,0,30,3,0,1
727,728,0,0,0,30,0,0,1
728,729,0,1,1,25,1,0,0
729,730,0,0,0,25,1,0,0
730,731,1,0,0,29,0,0,1
731,732,0,0,1,11,0,0,0
732,733,0,1,1,30,0,0,0
733,734,0,1,1,23,0,0,0
734,735,0,1,1,23,0,0,0
735,736,0,0,1,28,0,0,0
736,737,0,0,0,48,1,3,0
737,738,1,0,1,35,0,0,1
738,739,0,0,1,30,0,0,0
739,740,0,0,1,30,0,0,0
740,741,1,0,1,30,0,0,1
741,742,1,0,1,36,1,0,0
742,743,1,0,0,21,2,2,1
743,744,0,0,1,24,1,0,0
744,745,0,0,1,31,0,0,1
745,746,1,0,1,70,1,1,0
746,747,0,0,1,16,1,1,0
747,748,0,1,0,30,0,0,1
748,749,1,0,1,19,1,0,0
749,750,0,0,1,31,0,0,0
750,751,0,1,0,4,1,1,1
751,752,0,0,1,6,0,1,1
752,753,0,0,1,33,0,0,0
753,754,0,0,1,23,0,0,0
754,755,0,1,0,48,1,2,1
755,756,0,1,1,0,1,1,1
756,757,0,0,1,28,0,0,0
757,758,0,1,1,18,0,0,0
758,759,0,0,1,34,0,0,0
759,760,1,0,0,33,0,0,1
760,761,0,0,1,30,0,0,0
761,762,0,0,1,41,0,0,0
762,763,0,0,1,20,0,0,1
763,764,1,0,0,36,1,2,1
764,765,0,0,1,16,0,0,0
765,766,1,0,0,51,1,0,1
766,767,1,0,1,30,0,0,0
767,768,0,0,0,30,0,0,0
768,769,0,0,1,30,1,0,0
769,770,0,0,1,32,0,0,0
770,771,0,0,1,24,0,0,0
771,772,0,0,1,48,0,0,0
772,773,0,1,0,57,0,0,0
773,774,0,0,1,30,0,0,0
774,775,0,1,0,54,1,3,1
775,776,0,0,1,18,0,0,0
776,777,0,0,1,30,0,0,0
777,778,0,0,0,5,0,0,1
778,779,0,0,1,30,0,0,0
779,780,1,0,0,43,0,1,1
780,781,0,0,0,13,0,0,1
781,782,1,0,0,17,1,0,1
782,783,1,0,1,29,0,0,0
783,784,0,0,1,30,1,2,0
784,785,0,0,1,25,0,0,0
785,786,0,0,1,25,0,0,0
786,787,0,0,0,18,0,0,1
787,788,0,0,1,8,4,1,0
788,789,0,0,1,1,1,2,1
789,790,1,0,1,46,0,0,0
790,791,0,0,1,30,0,0,0
791,792,0,1,1,16,0,0,0
792,793,0,0,0,30,8,2,0
793,794,1,0,1,30,0,0,0
794,795,0,0,1,25,0,0,0
795,796,0,1,1,39,0,0,0
796,797,1,0,0,49,0,0,1
797,798,0,0,0,31,0,0,1
798,799,0,0,1,30,0,0,0
799,800,0,0,0,30,1,1,0
800,801,0,1,1,34,0,0,0
801,802,0,1,0,31,1,1,1
802,803,1,0,1,11,1,2,1
803,804,0,0,1,0,0,1,1
804,805,0,0,1,27,0,0,1
805,806,0,0,1,31,0,0,0
806,807,1,0,1,39,0,0,0
807,808,0,0,0,18,0,0,0
808,809,0,1,1,39,0,0,0
809,810,1,0,0,33,1,0,1
810,811,0,0,1,26,0,0,0
811,812,0,0,1,39,0,0,0
812,813,0,1,1,35,0,0,0
813,814,0,0,0,6,4,2,0
814,815,0,0,1,30,0,0,0
815,816,1,0,1,30,0,0,0
816,817,0,0,0,23,0,0,0
817,818,0,1,1,31,1,1,0
818,819,0,0,1,43,0,0,0
819,820,0,0,1,10,3,2,0
820,821,1,0,0,52,1,1,1
821,822,0,0,1,27,0,0,1
822,823,1,0,1,38,0,0,0
823,824,0,0,0,27,0,1,1
824,825,0,0,1,2,4,1,0
825,826,0,0,1,30,0,0,0
826,827,0,0,1,30,0,0,0
827,828,0,1,1,1,0,2,1
828,829,0,0,1,30,0,0,1
829,830,1,0,0,62,0,0,1
830,831,0,0,0,15,1,0,1
831,832,0,1,1,0,1,1,1
832,833,0,0,1,30,0,0,0
833,834,0,0,1,23,0,0,0
834,835,0,0,1,18,0,0,0
835,836,1,0,0,39,1,1,1
836,837,0,0,1,21,0,0,0
837,838,0,0,1,30,0,0,0
838,839,0,0,1,32,0,0,1
839,840,1,0,1,30,0,0,1
840,841,0,0,1,20,0,0,0
841,842,0,1,1,16,0,0,0
842,843,1,0,0,30,0,0,1
843,844,0,0,1,34,0,0,0
844,845,0,0,1,17,0,0,0
845,846,0,0,1,42,0,0,0
846,847,0,0,1,30,8,2,0
847,848,0,0,1,35,0,0,0
848,849,0,1,1,28,0,1,0
849,850,1,0,0,30,1,0,1
850,851,0,0,1,4,4,2,0
851,852,0,0,1,74,0,0,0
852,853,0,0,0,9,1,1,0
853,854,1,0,0,16,0,1,1
854,855,0,1,0,44,1,0,0
855,856,0,0,0,18,0,1,1
856,857,1,0,0,45,1,1,1
857,858,1,0,1,51,0,0,1
858,859,0,0,0,24,0,3,1
859,860,0,0,1,30,0,0,0
860,861,0,0,1,41,2,0,0
861,862,0,1,1,21,1,0,0
862,863,1,0,0,48,0,0,1
863,864,0,0,0,30,8,2,0
864,865,0,1,1,24,0,0,0
865,866,0,1,0,42,0,0,1
866,867,0,1,0,27,1,0,1
867,868,1,0,1,31,0,0,0
868,869,0,0,1,30,0,0,0
869,870,0,0,1,4,1,1,1
870,871,0,0,1,26,0,0,0
871,872,1,0,0,47,1,1,1
872,873,1,0,1,33,0,0,0
873,874,0,0,1,47,0,0,0
874,875,0,1,0,28,1,0,1
875,876,0,0,0,15,0,0,1
876,877,0,0,1,20,0,0,0
877,878,0,0,1,19,0,0,0
878,879,0,0,1,30,0,0,0
879,880,1,0,0,56,0,1,1
880,881,0,1,0,25,0,1,1
881,882,0,0,1,33,0,0,0
882,883,0,0,0,22,0,0,0
883,884,0,1,1,28,0,0,0
884,885,0,0,1,25,0,0,0
885,886,0,0,0,39,0,5,0
886,887,0,1,1,27,0,0,0
887,888,1,0,0,19,0,0,1
888,889,0,0,0,30,1,2,0
889,890,1,0,1,26,0,0,1
890,891,0,0,1,32,0,0,0
